{
  "formatVersion": 1,
  "database": {
    "version": 2,
    "identityHash": "88755250b20eb072fcd14749471396f7",
    "entities": [
      {
        "tableName": "Formulario1",
        "createSql": "CREATE TABLE IF NOT EXISTS `${TABLE_NAME}` (`transecto` TEXT NOT NULL, `tipoAnimal` TEXT NOT NULL, `nombreComun` TEXT NOT NULL, `nombreCientifico` TEXT NOT NULL, `numeroIndividuos` TEXT NOT NULL, `tipoObservacion` TEXT NOT NULL, `observaciones` TEXT NOT NULL, `id` INTEGER PRIMARY KEY AUTOINCREMENT NOT NULL)",
        "fields": [
          {
            "fieldPath": "transecto",
            "columnName": "transecto",
            "affinity": "TEXT",
            "notNull": true
          },
          {
            "fieldPath": "tipoAnimal",
            "columnName": "tipoAnimal",
            "affinity": "TEXT",
            "notNull": true
          },
          {
            "fieldPath": "nombreComun",
            "columnName": "nombreComun",
            "affinity": "TEXT",
            "notNull": true
          },
          {
            "fieldPath": "nombreCientifico",
            "columnName": "nombreCientifico",
            "affinity": "TEXT",
            "notNull": true
          },
          {
            "fieldPath": "numeroIndividuos",
            "columnName": "numeroIndividuos",
            "affinity": "TEXT",
            "notNull": true
          },
          {
            "fieldPath": "tipoObservacion",
            "columnName": "tipoObservacion",
            "affinity": "TEXT",
            "notNull": true
          },
          {
            "fieldPath": "observaciones",
            "columnName": "observaciones",
            "affinity": "TEXT",
            "notNull": true
          },
          {
            "fieldPath": "id",
            "columnName": "id",
            "affinity": "INTEGER",
            "notNull": true
          }
        ],
        "primaryKey": {
          "autoGenerate": true,
          "columnNames": [
            "id"
          ]
        },
        "indices": [],
        "foreignKeys": []
      },
      {
        "tableName": "Formulario2",
        "createSql": "CREATE TABLE IF NOT EXISTS `${TABLE_NAME}` (`zona` TEXT NOT NULL, `tipoAnimal` TEXT NOT NULL, `nombreComun` TEXT NOT NULL, `nombreCientifico` TEXT NOT NULL, `numeroIndividuos` TEXT NOT NULL, `tipoObservacion` TEXT NOT NULL, `alturaObservacion` TEXT NOT NULL, `observaciones` TEXT NOT NULL, `id` INTEGER PRIMARY KEY AUTOINCREMENT NOT NULL)",
        "fields": [
          {
            "fieldPath": "zona",
            "columnName": "zona",
            "affinity": "TEXT",
            "notNull": true
          },
          {
            "fieldPath": "tipoAnimal",
            "columnName": "tipoAnimal",
            "affinity": "TEXT",
            "notNull": true
          },
          {
            "fieldPath": "nombreComun",
            "columnName": "nombreComun",
            "affinity": "TEXT",
            "notNull": true
          },
          {
            "fieldPath": "nombreCientifico",
            "columnName": "nombreCientifico",
            "affinity": "TEXT",
            "notNull": true
          },
          {
            "fieldPath": "numeroIndividuos",
            "columnName": "numeroIndividuos",
            "affinity": "TEXT",
            "notNull": true
          },
          {
            "fieldPath": "tipoObservacion",
            "columnName": "tipoObservacion",
            "affinity": "TEXT",
            "notNull": true
          },
          {
            "fieldPath": "alturaObservacion",
            "columnName": "alturaObservacion",
            "affinity": "TEXT",
            "notNull": true
          },
          {
            "fieldPath": "observaciones",
            "columnName": "observaciones",
            "affinity": "TEXT",
            "notNull": true
          },
          {
            "fieldPath": "id",
            "columnName": "id",
            "affinity": "INTEGER",
            "notNull": true
          }
        ],
        "primaryKey": {
          "autoGenerate": true,
          "columnNames": [
            "id"
          ]
        },
        "indices": [],
        "foreignKeys": []
      },
      {
        "tableName": "Formulario3",
        "createSql": "CREATE TABLE IF NOT EXISTS `${TABLE_NAME}` (`codigo` TEXT NOT NULL, `seguimiento` INTEGER NOT NULL, `cambio` INTEGER NOT NULL, `cobertura` TEXT NOT NULL, `tipoCultivo` TEXT NOT NULL, `disturbio` TEXT NOT NULL, `observaciones` TEXT NOT NULL, `id` INTEGER PRIMARY KEY AUTOINCREMENT NOT NULL)",
        "fields": [
          {
            "fieldPath": "codigo",
            "columnName": "codigo",
            "affinity": "TEXT",
            "notNull": true
          },
          {
            "fieldPath": "seguimiento",
            "columnName": "seguimiento",
            "affinity": "INTEGER",
            "notNull": true
          },
          {
            "fieldPath": "cambio",
            "columnName": "cambio",
            "affinity": "INTEGER",
            "notNull": true
          },
          {
            "fieldPath": "cobertura",
            "columnName": "cobertura",
            "affinity": "TEXT",
            "notNull": true
          },
          {
            "fieldPath": "tipoCultivo",
            "columnName": "tipoCultivo",
            "affinity": "TEXT",
            "notNull": true
          },
          {
            "fieldPath": "disturbio",
            "columnName": "disturbio",
            "affinity": "TEXT",
            "notNull": true
          },
          {
            "fieldPath": "observaciones",
            "columnName": "observaciones",
            "affinity": "TEXT",
            "notNull": true
          },
          {
            "fieldPath": "id",
            "columnName": "id",
            "affinity": "INTEGER",
            "notNull": true
          }
        ],
        "primaryKey": {
          "autoGenerate": true,
          "columnNames": [
            "id"
          ]
        },
        "indices": [],
        "foreignKeys": []
      },
      {
        "tableName": "Formulario4",
        "createSql": "CREATE TABLE IF NOT EXISTS `${TABLE_NAME}` (`codigo` TEXT NOT NULL, `quad_a` TEXT NOT NULL, `quad_b` TEXT NOT NULL, `sub_quad` TEXT NOT NULL, `habitoDeCrecimiento` TEXT NOT NULL, `nombreComun` TEXT NOT NULL, `nombreCientifico` TEXT NOT NULL, `placa` TEXT NOT NULL, `circunferencia` TEXT NOT NULL, `distancia` TEXT NOT NULL, `estatura` TEXT NOT NULL, `altura` TEXT NOT NULL, `observaciones` TEXT NOT NULL, `id` INTEGER PRIMARY KEY AUTOINCREMENT NOT NULL)",
        "fields": [
          {
            "fieldPath": "codigo",
            "columnName": "codigo",
            "affinity": "TEXT",
            "notNull": true
          },
          {
            "fieldPath": "quad_a",
            "columnName": "quad_a",
            "affinity": "TEXT",
            "notNull": true
          },
          {
            "fieldPath": "quad_b",
            "columnName": "quad_b",
            "affinity": "TEXT",
            "notNull": true
          },
          {
            "fieldPath": "sub_quad",
            "columnName": "sub_quad",
            "affinity": "TEXT",
            "notNull": true
          },
          {
            "fieldPath": "habitoDeCrecimiento",
            "columnName": "habitoDeCrecimiento",
            "affinity": "TEXT",
            "notNull": true
          },
          {
            "fieldPath": "nombreComun",
            "columnName": "nombreComun",
            "affinity": "TEXT",
            "notNull": true
          },
          {
            "fieldPath": "nombreCientifico",
            "columnName": "nombreCientifico",
            "affinity": "TEXT",
            "notNull": true
          },
          {
            "fieldPath": "placa",
            "columnName": "placa",
            "affinity": "TEXT",
            "notNull": true
          },
          {
            "fieldPath": "circunferencia",
            "columnName": "circunferencia",
            "affinity": "TEXT",
            "notNull": true
          },
          {
            "fieldPath": "distancia",
            "columnName": "distancia",
            "affinity": "TEXT",
            "notNull": true
          },
          {
            "fieldPath": "estatura",
            "columnName": "estatura",
            "affinity": "TEXT",
            "notNull": true
          },
          {
            "fieldPath": "altura",
            "columnName": "altura",
            "affinity": "TEXT",
            "notNull": true
          },
          {
            "fieldPath": "observaciones",
            "columnName": "observaciones",
            "affinity": "TEXT",
            "notNull": true
          },
          {
            "fieldPath": "id",
            "columnName": "id",
            "affinity": "INTEGER",
            "notNull": true
          }
        ],
        "primaryKey": {
          "autoGenerate": true,
          "columnNames": [
            "id"
          ]
        },
        "indices": [],
        "foreignKeys": []
      }
    ],
    "views": [],
    "setupQueries": [
      "CREATE TABLE IF NOT EXISTS room_master_table (id INTEGER PRIMARY KEY,identity_hash TEXT)",
      "INSERT OR REPLACE INTO room_master_table (id,identity_hash) VALUES(42, '88755250b20eb072fcd14749471396f7')"
    ]
  }
}